order_id,customer_id,product_id,order_date,order_timestamp,quantity,unit_price,discount_amount,order_status,payment_method,_ingestion_timestamp
ORD-00001,CUST-1061,PROD-107,2024-02-04,2024-02-04 05:00:00,1,197.44,0,CONFIRMED,bank_transfer,2024-02-04 08:26:00
ORD-00002,CUST-1025,PROD-112,2024-02-14,2024-02-14 09:00:00,2,119.22,25,SHIPPED,Debit_Card,2024-02-14 12:35:00
ORD-00003,CUST-1043,PROD-100,2024-01-09,2024-01-09 08:00:00,5,205.83,10,PENDING,Debit_Card,2024-01-09 09:34:00
ORD-00004,CUST-1045,PROD-123,2024-01-23,2024-01-23 18:00:00,1,63.11,5,SHIPPED,bank_transfer,2024-01-23 19:12:00
ORD-00005,CUST-1033,PROD-101,2024-03-18,2024-03-18 16:00:00,4,450.75,0,DELIVERED,credit_card,2024-03-18 16:34:00
ORD-00006,CUST-1086,PROD-129,2024-03-07,2024-03-07 17:00:00,2,188.46,0,SHIPPED,Debit_Card,2024-03-07 20:00:00
ORD-00007,CUST-1053,PROD-110,2024-03-25,2024-03-25 03:00:00,3,258.48,25,DELIVERED,Debit_Card,2024-03-25 06:09:00
ORD-00008,CUST-1087,PROD-123,2024-03-11,2024-03-11 04:00:00,4,335.81,5,CONFIRMED,Debit_Card,2024-03-11 04:54:00
ORD-00009,CUST-1056,PROD-125,2024-02-21,2024-02-21 17:00:00,1,158.89,0,CANCELLED,Debit_Card,2024-02-21 20:38:00
ORD-00010,CUST-1022,PROD-121,2024-02-29,2024-02-29 14:00:00,2,260.47,25,PENDING,Debit_Card,2024-02-29 15:58:00
ORD-00011,CUST-1087,PROD-109,2024-03-06,2024-03-06 21:00:00,5,174.23,0,CONFIRMED,PayPal,2024-03-06 23:47:00
ORD-00012,CUST-1099,PROD-102,2024-01-19,2024-01-19 00:00:00,2,492.12,10,DELIVERED,bank_transfer,2024-01-19 00:16:00
ORD-00013,CUST-1019,PROD-120,2024-03-21,2024-03-21 18:00:00,4,252.23,0,PENDING,credit_card,2024-03-21 18:54:00
ORD-00014,CUST-1032,PROD-129,2024-02-24,2024-02-24 07:00:00,5,237.62,10,PENDING,bank_transfer,2024-02-24 07:50:00
ORD-00015,CUST-1041,PROD-124,2024-01-18,2024-01-18 14:00:00,5,494.06,10,DELIVERED,bank_transfer,2024-01-18 16:55:00
ORD-00016,CUST-1058,PROD-108,2024-03-11,2024-03-11 14:00:00,2,374.38,5,CONFIRMED,Debit_Card,2024-03-11 17:54:00
ORD-00017,CUST-1092,PROD-109,2024-03-07,2024-03-07 15:00:00,2,144.54,0,CONFIRMED,Debit_Card,2024-03-07 17:45:00
ORD-00018,CUST-1030,PROD-112,2024-02-12,2024-02-12 10:00:00,5,49.47,0,CONFIRMED,PayPal,2024-02-12 13:53:00
ORD-00019,CUST-1008,PROD-106,2024-01-09,2024-01-09 13:00:00,3,275.87,5,DELIVERED,bank_transfer,2024-01-09 14:49:00
ORD-00020,CUST-1046,PROD-109,2024-03-15,2024-03-15 22:00:00,5,196.38,0,DELIVERED,bank_transfer,2024-03-15 22:10:00
ORD-00021,CUST-1063,PROD-107,2024-03-09,2024-03-09 23:00:00,5,401.93,0,SHIPPED,bank_transfer,2024-03-10 02:13:00
ORD-00022,CUST-1093,PROD-105,2024-03-03,2024-03-03 00:00:00,3,337.74,5,DELIVERED,PayPal,2024-03-03 01:44:00
ORD-00023,CUST-1004,PROD-102,2024-03-20,2024-03-20 17:00:00,4,300.02,25,DELIVERED,PayPal,2024-03-20 17:11:00
ORD-00024,CUST-1059,PROD-110,2024-02-29,2024-02-29 05:00:00,3,195.75,0,SHIPPED,bank_transfer,2024-02-29 05:17:00
ORD-00025,CUST-1070,PROD-101,2024-02-05,2024-02-05 13:00:00,1,240.44,25,SHIPPED,PayPal,2024-02-05 14:09:00
ORD-00026,CUST-1026,PROD-126,2024-03-24,2024-03-24 02:00:00,1,379.56,0,PENDING,PayPal,2024-03-24 05:24:00
ORD-00027,CUST-1060,PROD-122,2024-01-31,2024-01-31 04:00:00,1,286.34,0,SHIPPED,Debit_Card,2024-01-31 06:06:00
ORD-00028,CUST-1040,PROD-103,2024-01-22,2024-01-22 19:00:00,1,391.11,0,CANCELLED,credit_card,2024-01-22 21:40:00
ORD-00029,CUST-1026,PROD-102,2024-02-09,2024-02-09 18:00:00,4,204.35,25,CANCELLED,PayPal,2024-02-09 20:58:00
ORD-00030,CUST-1016,PROD-125,2024-01-14,2024-01-14 22:00:00,3,426.63,10,CANCELLED,credit_card,2024-01-15 01:22:00
ORD-00031,CUST-1044,PROD-100,2024-02-14,2024-02-14 17:00:00,3,43.78,25,DELIVERED,bank_transfer,2024-02-14 18:54:00
ORD-00032,CUST-1023,PROD-123,2024-01-14,2024-01-14 13:00:00,4,356.57,5,CANCELLED,Debit_Card,2024-01-14 14:37:00
ORD-00033,CUST-1076,PROD-108,2024-03-19,2024-03-19 17:00:00,4,237.78,25,SHIPPED,PayPal,2024-03-19 20:23:00
ORD-00034,CUST-1073,PROD-119,2024-01-12,2024-01-12 08:00:00,4,129.48,5,DELIVERED,Debit_Card,2024-01-12 11:50:00
ORD-00035,CUST-1046,PROD-125,2024-01-04,2024-01-04 15:00:00,3,99.09,0,SHIPPED,Debit_Card,2024-01-04 18:42:00
ORD-00036,CUST-1025,PROD-102,2024-02-05,2024-02-05 19:00:00,3,282.33,10,CONFIRMED,bank_transfer,2024-02-05 22:04:00
ORD-00037,CUST-1092,PROD-115,2024-03-03,2024-03-03 17:00:00,2,348.39,25,DELIVERED,credit_card,2024-03-03 20:19:00
ORD-00038,CUST-1085,PROD-118,2024-01-12,2024-01-12 09:00:00,4,348.97,0,SHIPPED,bank_transfer,2024-01-12 10:01:00
ORD-00039,CUST-1043,PROD-111,2024-03-11,2024-03-11 16:00:00,4,498.34,10,DELIVERED,Debit_Card,2024-03-11 17:33:00
ORD-00040,CUST-1016,PROD-123,2024-02-09,2024-02-09 08:00:00,1,363.42,0,CANCELLED,PayPal,2024-02-09 09:04:00
ORD-00041,CUST-1098,PROD-116,2024-01-25,2024-01-25 06:00:00,4,145.47,10,CANCELLED,Debit_Card,2024-01-25 09:14:00
ORD-00042,CUST-1002,PROD-122,2024-01-13,2024-01-13 06:00:00,2,186.82,0,CANCELLED,PayPal,2024-01-13 07:20:00
ORD-00043,CUST-1082,PROD-127,2024-02-05,2024-02-05 01:00:00,5,153.14,0,DELIVERED,credit_card,2024-02-05 01:18:00
ORD-00044,CUST-1024,PROD-101,2024-01-02,2024-01-02 18:00:00,4,244.56,0,SHIPPED,bank_transfer,2024-01-02 19:17:00
ORD-00045,CUST-1088,PROD-101,2024-01-15,2024-01-15 02:00:00,4,46.29,25,CONFIRMED,PayPal,2024-01-15 03:47:00
ORD-00046,CUST-1078,PROD-119,2024-03-13,2024-03-13 09:00:00,2,68.03,5,CANCELLED,PayPal,2024-03-13 09:26:00
ORD-00047,CUST-1055,PROD-109,2024-03-07,2024-03-07 12:00:00,4,155.69,10,CANCELLED,credit_card,2024-03-07 14:00:00
ORD-00048,CUST-1085,PROD-102,2024-03-19,2024-03-19 23:00:00,2,316.49,0,CONFIRMED,PayPal,2024-03-19 23:30:00
ORD-00049,CUST-1089,PROD-119,2024-01-23,2024-01-23 17:00:00,2,11.3,5,DELIVERED,Debit_Card,2024-01-23 17:24:00
ORD-00050,CUST-1010,PROD-121,2024-01-05,2024-01-05 07:00:00,3,354.45,5,CONFIRMED,Debit_Card,2024-01-05 08:18:00
ORD-00051,CUST-1029,PROD-120,2024-03-21,2024-03-21 18:00:00,2,218.31,10,CONFIRMED,Debit_Card,2024-03-21 20:54:00
ORD-00052,CUST-1096,PROD-126,2024-01-19,2024-01-19 02:00:00,2,398.38,10,CANCELLED,Debit_Card,2024-01-19 02:20:00
ORD-00053,CUST-1065,PROD-117,2024-02-26,2024-02-26 03:00:00,3,352.86,0,DELIVERED,bank_transfer,2024-02-26 05:04:00
ORD-00054,CUST-1033,PROD-100,2024-01-11,2024-01-11 19:00:00,4,369.91,10,PENDING,PayPal,2024-01-11 19:15:00
ORD-00055,CUST-1035,PROD-118,2024-03-27,2024-03-27 18:00:00,1,499.78,25,PENDING,PayPal,2024-03-27 20:35:00
ORD-00056,CUST-1075,PROD-113,2024-03-01,2024-03-01 16:00:00,4,458.87,0,DELIVERED,credit_card,2024-03-01 18:51:00
ORD-00057,CUST-1021,PROD-110,2024-03-01,2024-03-01 11:00:00,3,167.31,0,DELIVERED,bank_transfer,2024-03-01 12:49:00
ORD-00058,CUST-1041,PROD-108,2024-02-06,2024-02-06 21:00:00,5,27.97,0,SHIPPED,credit_card,2024-02-06 22:47:00
ORD-00059,CUST-1060,PROD-113,2024-02-21,2024-02-21 16:00:00,1,332.24,10,PENDING,PayPal,2024-02-21 19:36:00
ORD-00060,CUST-1027,PROD-108,2024-03-07,2024-03-07 11:00:00,4,316.44,0,CANCELLED,PayPal,2024-03-07 13:44:00
ORD-00061,CUST-1078,PROD-125,2024-02-06,2024-02-06 14:00:00,4,69.49,25,CONFIRMED,PayPal,2024-02-06 17:50:00
ORD-00062,CUST-1015,PROD-114,2024-02-09,2024-02-09 17:00:00,5,209.91,0,PENDING,PayPal,2024-02-09 17:08:00
ORD-00063,CUST-1062,PROD-115,2024-03-04,2024-03-04 22:00:00,5,355.64,5,CONFIRMED,bank_transfer,2024-03-04 23:19:00
ORD-00064,CUST-1096,PROD-128,2024-03-11,2024-03-11 04:00:00,2,461.71,10,CONFIRMED,credit_card,2024-03-11 05:43:00
ORD-00065,CUST-1037,PROD-123,2024-02-05,2024-02-05 13:00:00,5,140.9,0,SHIPPED,bank_transfer,2024-02-05 14:32:00
ORD-00066,CUST-1098,PROD-117,2024-01-20,2024-01-20 14:00:00,4,179.1,10,DELIVERED,bank_transfer,2024-01-20 16:22:00
ORD-00067,CUST-1100,PROD-113,2024-02-11,2024-02-11 06:00:00,2,290.17,0,PENDING,Debit_Card,2024-02-11 09:03:00
ORD-00068,CUST-1084,PROD-104,2024-03-01,2024-03-01 22:00:00,4,199.17,25,DELIVERED,credit_card,2024-03-02 01:58:00
ORD-00069,CUST-1013,PROD-116,2024-01-17,2024-01-17 16:00:00,3,436.14,5,DELIVERED,credit_card,2024-01-17 18:36:00
ORD-00070,CUST-1044,PROD-119,2024-01-19,2024-01-19 13:00:00,2,46.66,0,DELIVERED,credit_card,2024-01-19 16:47:00
ORD-00071,CUST-1081,PROD-122,2024-02-12,2024-02-12 21:00:00,5,196.19,0,DELIVERED,credit_card,2024-02-13 00:44:00
ORD-00072,CUST-1012,PROD-113,2024-03-20,2024-03-20 02:00:00,3,498.73,25,PENDING,credit_card,2024-03-20 03:05:00
ORD-00073,CUST-1042,PROD-125,2024-02-26,2024-02-26 05:00:00,3,452.67,0,PENDING,Debit_Card,2024-02-26 08:02:00
ORD-00074,CUST-1073,PROD-121,2024-02-15,2024-02-15 11:00:00,2,129.65,5,CONFIRMED,PayPal,2024-02-15 12:55:00
ORD-00075,CUST-1064,PROD-129,2024-01-23,2024-01-23 02:00:00,4,313.65,0,CANCELLED,PayPal,2024-01-23 04:41:00
ORD-00076,CUST-1002,PROD-128,2024-01-30,2024-01-30 14:00:00,3,235.18,25,DELIVERED,Debit_Card,2024-01-30 16:48:00
ORD-00077,CUST-1076,PROD-109,2024-03-27,2024-03-27 17:00:00,1,226.44,0,DELIVERED,Debit_Card,2024-03-27 17:45:00
ORD-00078,CUST-1031,PROD-112,2024-02-28,2024-02-28 09:00:00,4,428.12,0,CANCELLED,Debit_Card,2024-02-28 09:55:00
ORD-00079,CUST-1051,PROD-108,2024-03-14,2024-03-14 09:00:00,3,20.74,25,PENDING,credit_card,2024-03-14 12:04:00
ORD-00080,CUST-1078,PROD-125,2024-03-18,2024-03-18 23:00:00,3,390.1,0,SHIPPED,PayPal,2024-03-19 01:12:00
ORD-00081,CUST-1099,PROD-121,2024-03-22,2024-03-22 06:00:00,3,342.09,25,CONFIRMED,credit_card,2024-03-22 08:43:00
ORD-00082,CUST-1075,PROD-111,2024-03-21,2024-03-21 20:00:00,3,396.41,0,CONFIRMED,credit_card,2024-03-21 20:15:00
ORD-00083,CUST-1070,PROD-128,2024-02-07,2024-02-07 10:00:00,4,96.05,0,SHIPPED,Debit_Card,2024-02-07 13:16:00
ORD-00084,CUST-1096,PROD-127,2024-01-22,2024-01-22 08:00:00,4,484.01,0,SHIPPED,credit_card,2024-01-22 11:58:00
ORD-00085,CUST-1087,PROD-112,2024-02-29,2024-02-29 02:00:00,2,431.46,25,CANCELLED,Debit_Card,2024-02-29 02:41:00
ORD-00086,CUST-1048,PROD-121,2024-01-12,2024-01-12 12:00:00,3,272.91,5,SHIPPED,bank_transfer,2024-01-12 12:08:00
ORD-00087,CUST-1072,PROD-110,2024-03-22,2024-03-22 11:00:00,2,241.01,10,CANCELLED,PayPal,2024-03-22 11:32:00
ORD-00088,CUST-1084,PROD-113,2024-03-23,2024-03-23 02:00:00,4,455.59,0,PENDING,PayPal,2024-03-23 04:47:00
ORD-00089,CUST-1069,PROD-104,2024-01-06,2024-01-06 01:00:00,4,66.89,0,DELIVERED,bank_transfer,2024-01-06 02:22:00
ORD-00090,CUST-1094,PROD-104,2024-02-17,2024-02-17 21:00:00,5,215.36,25,DELIVERED,credit_card,2024-02-18 00:15:00
ORD-00091,CUST-1028,PROD-114,2024-03-03,2024-03-03 19:00:00,3,26.02,0,DELIVERED,PayPal,2024-03-03 20:49:00
ORD-00092,CUST-1046,PROD-101,2024-02-16,2024-02-16 03:00:00,3,276.78,25,DELIVERED,Debit_Card,2024-02-16 06:00:00
ORD-00093,CUST-1083,PROD-120,2024-01-25,2024-01-25 03:00:00,4,54.91,0,CANCELLED,credit_card,2024-01-25 06:42:00
ORD-00094,CUST-1009,PROD-126,2024-01-07,2024-01-07 10:00:00,2,395.61,0,CANCELLED,PayPal,2024-01-07 11:07:00
ORD-00095,CUST-1077,PROD-100,2024-03-16,2024-03-16 06:00:00,2,170.98,0,SHIPPED,PayPal,2024-03-16 09:33:00
ORD-00096,CUST-1017,PROD-100,2024-01-17,2024-01-17 17:00:00,2,63.85,0,SHIPPED,PayPal,2024-01-17 18:09:00
ORD-00097,CUST-1095,PROD-113,2024-03-16,2024-03-16 10:00:00,2,140.02,0,CANCELLED,credit_card,2024-03-16 10:09:00
ORD-00098,CUST-1058,PROD-116,2024-01-09,2024-01-09 15:00:00,3,261.48,0,CONFIRMED,credit_card,2024-01-09 16:59:00
ORD-00099,CUST-1008,PROD-115,2024-03-25,2024-03-25 16:00:00,4,325.23,0,DELIVERED,bank_transfer,2024-03-25 17:22:00
ORD-00100,CUST-1042,PROD-119,2024-03-28,2024-03-28 03:00:00,4,46.0,0,CONFIRMED,credit_card,2024-03-28 05:10:00
ORD-00101,CUST-1049,PROD-119,2024-01-17,2024-01-17 08:00:00,5,278.68,0,CANCELLED,Debit_Card,2024-01-17 10:44:00
ORD-00102,CUST-1015,PROD-127,2024-02-28,2024-02-28 16:00:00,4,58.59,25,CANCELLED,PayPal,2024-02-28 18:39:00
ORD-00103,CUST-1052,PROD-113,2024-02-25,2024-02-25 14:00:00,2,212.76,5,PENDING,Debit_Card,2024-02-25 17:52:00
ORD-00104,CUST-1088,PROD-129,2024-02-24,2024-02-24 10:00:00,3,193.4,0,DELIVERED,credit_card,2024-02-24 12:55:00
ORD-00105,CUST-1048,PROD-125,2024-01-12,2024-01-12 02:00:00,4,57.31,25,CONFIRMED,credit_card,2024-01-12 02:28:00
ORD-00106,CUST-1046,PROD-127,2024-03-16,2024-03-16 17:00:00,3,338.3,5,DELIVERED,credit_card,2024-03-16 19:28:00
ORD-00107,CUST-1028,PROD-104,2024-02-06,2024-02-06 19:00:00,3,60.75,10,DELIVERED,PayPal,2024-02-06 20:24:00
ORD-00108,CUST-1074,PROD-107,2024-01-14,2024-01-14 11:00:00,5,190.09,0,DELIVERED,credit_card,2024-01-14 14:41:00
ORD-00109,CUST-1090,PROD-124,2024-03-18,2024-03-18 21:00:00,3,24.18,0,SHIPPED,Debit_Card,2024-03-19 00:37:00
ORD-00110,CUST-1009,PROD-104,2024-02-14,2024-02-14 00:00:00,2,287.49,5,PENDING,credit_card,2024-02-14 00:51:00
ORD-00111,CUST-1048,PROD-109,2024-03-08,2024-03-08 06:00:00,4,232.28,0,SHIPPED,credit_card,2024-03-08 07:41:00
ORD-00112,CUST-1035,PROD-114,2024-01-07,2024-01-07 04:00:00,5,34.37,0,DELIVERED,bank_transfer,2024-01-07 04:45:00
ORD-00113,CUST-1015,PROD-111,2024-03-18,2024-03-18 14:00:00,3,115.62,10,DELIVERED,credit_card,2024-03-18 15:51:00
ORD-00114,CUST-1040,PROD-101,2024-02-06,2024-02-06 21:00:00,5,248.44,25,CONFIRMED,bank_transfer,2024-02-06 23:58:00
ORD-00115,CUST-1099,PROD-104,2024-03-17,2024-03-17 01:00:00,2,157.69,0,SHIPPED,Debit_Card,2024-03-17 01:06:00
ORD-00116,CUST-1017,PROD-112,2024-02-11,2024-02-11 03:00:00,4,376.03,0,CANCELLED,PayPal,2024-02-11 03:06:00
ORD-00117,CUST-1006,PROD-113,2024-03-05,2024-03-05 17:00:00,3,45.31,25,PENDING,bank_transfer,2024-03-05 20:38:00
ORD-00118,CUST-1082,PROD-113,2024-01-10,2024-01-10 10:00:00,4,290.96,25,SHIPPED,credit_card,2024-01-10 12:32:00
ORD-00119,CUST-1059,PROD-126,2024-02-21,2024-02-21 00:00:00,2,402.64,10,SHIPPED,credit_card,2024-02-21 01:28:00
ORD-00120,CUST-1011,PROD-112,2024-02-25,2024-02-25 03:00:00,4,298.54,10,SHIPPED,Debit_Card,2024-02-25 04:07:00
ORD-00121,CUST-1015,PROD-116,2024-01-29,2024-01-29 10:00:00,2,47.42,25,CANCELLED,PayPal,2024-01-29 13:24:00
ORD-00122,CUST-1033,PROD-106,2024-02-14,2024-02-14 11:00:00,2,125.76,0,CONFIRMED,PayPal,2024-02-14 14:11:00
ORD-00123,CUST-1098,PROD-118,2024-03-24,2024-03-24 02:00:00,4,237.33,10,DELIVERED,Debit_Card,2024-03-24 02:50:00
ORD-00124,CUST-1081,PROD-109,2024-03-21,2024-03-21 10:00:00,4,43.45,5,SHIPPED,credit_card,2024-03-21 10:43:00
ORD-00125,CUST-1008,PROD-111,2024-02-15,2024-02-15 16:00:00,3,236.24,0,SHIPPED,credit_card,2024-02-15 16:23:00
ORD-00126,CUST-1075,PROD-117,2024-03-23,2024-03-23 02:00:00,5,258.45,5,PENDING,bank_transfer,2024-03-23 04:42:00
ORD-00127,CUST-1020,PROD-101,2024-03-14,2024-03-14 20:00:00,3,306.44,10,DELIVERED,credit_card,2024-03-14 20:53:00
ORD-00128,CUST-1032,PROD-122,2024-02-13,2024-02-13 22:00:00,5,326.59,0,DELIVERED,bank_transfer,2024-02-13 22:26:00
ORD-00129,CUST-1050,PROD-113,2024-03-08,2024-03-08 16:00:00,2,188.3,0,SHIPPED,credit_card,2024-03-08 18:41:00
ORD-00130,CUST-1087,PROD-112,2024-03-21,2024-03-21 20:00:00,1,171.54,10,SHIPPED,Debit_Card,2024-03-21 21:30:00
ORD-00131,CUST-1085,PROD-104,2024-03-25,2024-03-25 19:00:00,2,173.34,10,SHIPPED,Debit_Card,2024-03-25 22:48:00
ORD-00132,CUST-1011,PROD-109,2024-03-24,2024-03-24 22:00:00,4,73.18,25,CANCELLED,bank_transfer,2024-03-25 00:54:00
ORD-00133,CUST-1088,PROD-129,2024-03-23,2024-03-23 10:00:00,2,338.35,25,CANCELLED,credit_card,2024-03-23 13:33:00
ORD-00134,CUST-1040,PROD-105,2024-03-23,2024-03-23 21:00:00,5,187.29,0,CONFIRMED,Debit_Card,2024-03-23 22:53:00
ORD-00135,CUST-1013,PROD-116,2024-03-03,2024-03-03 06:00:00,2,85.91,0,CANCELLED,credit_card,2024-03-03 07:02:00
ORD-00136,CUST-1020,PROD-105,2024-03-25,2024-03-25 10:00:00,5,74.2,5,CONFIRMED,PayPal,2024-03-25 13:49:00
ORD-00137,CUST-1057,PROD-119,2024-02-26,2024-02-26 01:00:00,3,341.41,0,SHIPPED,bank_transfer,2024-02-26 02:50:00
ORD-00138,CUST-1025,PROD-111,2024-01-30,2024-01-30 17:00:00,3,483.13,5,CANCELLED,bank_transfer,2024-01-30 18:06:00
ORD-00139,CUST-1021,PROD-126,2024-02-29,2024-02-29 09:00:00,4,256.41,5,CONFIRMED,PayPal,2024-02-29 12:24:00
ORD-00140,CUST-1014,PROD-122,2024-02-02,2024-02-02 01:00:00,4,438.31,10,CANCELLED,credit_card,2024-02-02 03:49:00
ORD-00141,CUST-1019,PROD-126,2024-02-06,2024-02-06 02:00:00,2,143.66,10,DELIVERED,credit_card,2024-02-06 05:20:00
ORD-00142,CUST-1007,PROD-112,2024-01-29,2024-01-29 14:00:00,3,465.92,5,CANCELLED,Debit_Card,2024-01-29 17:51:00
ORD-00143,CUST-1013,PROD-126,2024-01-31,2024-01-31 12:00:00,3,120.01,0,SHIPPED,PayPal,2024-01-31 12:25:00
ORD-00144,CUST-1098,PROD-122,2024-01-18,2024-01-18 01:00:00,4,351.07,0,DELIVERED,bank_transfer,2024-01-18 02:18:00
ORD-00145,CUST-1020,PROD-117,2024-03-19,2024-03-19 00:00:00,1,19.3,0,CANCELLED,bank_transfer,2024-03-19 03:56:00
ORD-00146,CUST-1054,PROD-120,2024-01-15,2024-01-15 09:00:00,3,69.7,0,CANCELLED,bank_transfer,2024-01-15 10:05:00
ORD-00147,CUST-1081,PROD-116,2024-01-09,2024-01-09 03:00:00,4,302.39,0,CANCELLED,PayPal,2024-01-09 06:39:00
ORD-00148,CUST-1074,PROD-113,2024-01-19,2024-01-19 09:00:00,1,311.25,0,CONFIRMED,credit_card,2024-01-19 10:54:00
ORD-00149,CUST-1071,PROD-100,2024-03-08,2024-03-08 11:00:00,5,276.59,10,DELIVERED,bank_transfer,2024-03-08 11:22:00
ORD-00150,CUST-1046,PROD-125,2024-01-06,2024-01-06 20:00:00,3,134.28,0,PENDING,Debit_Card,2024-01-06 21:44:00
ORD-00151,CUST-1097,PROD-110,2024-01-31,2024-01-31 23:00:00,1,388.03,25,CONFIRMED,credit_card,2024-02-01 01:53:00
ORD-00152,CUST-1060,PROD-122,2024-02-15,2024-02-15 17:00:00,2,416.88,25,DELIVERED,PayPal,2024-02-15 18:31:00
ORD-00153,CUST-1006,PROD-125,2024-01-18,2024-01-18 02:00:00,4,28.11,0,CONFIRMED,credit_card,2024-01-18 05:08:00
ORD-00154,CUST-1061,PROD-108,2024-02-10,2024-02-10 09:00:00,4,494.66,10,PENDING,PayPal,2024-02-10 11:16:00
ORD-00155,CUST-1035,PROD-103,2024-02-06,2024-02-06 11:00:00,1,434.23,0,SHIPPED,bank_transfer,2024-02-06 14:45:00
ORD-00156,CUST-1064,PROD-122,2024-02-21,2024-02-21 23:00:00,4,176.12,0,DELIVERED,Debit_Card,2024-02-22 00:57:00
ORD-00157,CUST-1056,PROD-119,2024-03-07,2024-03-07 08:00:00,1,366.26,0,CONFIRMED,Debit_Card,2024-03-07 11:30:00
ORD-00158,CUST-1058,PROD-119,2024-02-11,2024-02-11 03:00:00,3,333.84,0,DELIVERED,PayPal,2024-02-11 03:25:00
ORD-00159,CUST-1079,PROD-113,2024-03-29,2024-03-29 14:00:00,4,30.74,0,SHIPPED,credit_card,2024-03-29 15:34:00
ORD-00160,CUST-1087,PROD-105,2024-01-10,2024-01-10 21:00:00,4,188.01,25,PENDING,PayPal,2024-01-10 23:48:00
ORD-00161,CUST-1031,PROD-124,2024-03-18,2024-03-18 21:00:00,4,27.04,0,SHIPPED,Debit_Card,2024-03-19 00:25:00
ORD-00162,CUST-1048,PROD-111,2024-02-19,2024-02-19 18:00:00,5,85.17,5,DELIVERED,credit_card,2024-02-19 18:13:00
ORD-00163,CUST-1036,PROD-107,2024-03-14,2024-03-14 04:00:00,3,205.03,25,PENDING,credit_card,2024-03-14 06:20:00
ORD-00164,CUST-1034,PROD-124,2024-01-24,2024-01-24 15:00:00,4,457.63,0,SHIPPED,bank_transfer,2024-01-24 17:17:00
ORD-00165,CUST-1010,PROD-114,2024-01-28,2024-01-28 19:00:00,4,108.08,0,CONFIRMED,bank_transfer,2024-01-28 20:18:00
ORD-00166,CUST-1009,PROD-117,2024-01-12,2024-01-12 21:00:00,3,337.23,25,CANCELLED,Debit_Card,2024-01-13 00:41:00
ORD-00167,CUST-1029,PROD-103,2024-02-08,2024-02-08 05:00:00,2,398.9,10,CONFIRMED,PayPal,2024-02-08 08:07:00
ORD-00168,CUST-1060,PROD-125,2024-01-31,2024-01-31 15:00:00,3,281.46,0,CANCELLED,PayPal,2024-01-31 15:11:00
ORD-00169,CUST-1093,PROD-115,2024-03-19,2024-03-19 02:00:00,3,205.09,25,CANCELLED,bank_transfer,2024-03-19 02:21:00
ORD-00170,CUST-1010,PROD-114,2024-02-22,2024-02-22 18:00:00,2,486.46,25,DELIVERED,Debit_Card,2024-02-22 18:23:00
ORD-00171,CUST-1056,PROD-116,2024-01-17,2024-01-17 17:00:00,5,99.15,0,PENDING,credit_card,2024-01-17 19:48:00
ORD-00172,CUST-1029,PROD-111,2024-03-07,2024-03-07 04:00:00,2,89.35,25,CANCELLED,Debit_Card,2024-03-07 05:22:00
ORD-00173,CUST-1039,PROD-119,2024-01-11,2024-01-11 08:00:00,5,144.47,25,CANCELLED,credit_card,2024-01-11 08:55:00
ORD-00174,CUST-1022,PROD-121,2024-03-05,2024-03-05 20:00:00,5,471.38,0,CANCELLED,Debit_Card,2024-03-05 20:48:00
ORD-00175,CUST-1099,PROD-118,2024-03-13,2024-03-13 01:00:00,1,49.79,25,SHIPPED,PayPal,2024-03-13 04:36:00
ORD-00176,CUST-1070,PROD-109,2024-03-14,2024-03-14 13:00:00,1,254.03,25,SHIPPED,bank_transfer,2024-03-14 15:43:00
ORD-00177,CUST-1008,PROD-105,2024-02-01,2024-02-01 21:00:00,3,232.23,25,DELIVERED,bank_transfer,2024-02-01 22:48:00
ORD-00178,CUST-1092,PROD-110,2024-03-02,2024-03-02 14:00:00,3,307.25,0,SHIPPED,bank_transfer,2024-03-02 14:57:00
ORD-00179,CUST-1060,PROD-103,2024-01-17,2024-01-17 11:00:00,5,62.02,0,SHIPPED,bank_transfer,2024-01-17 13:16:00
ORD-00180,CUST-1079,PROD-113,2024-02-01,2024-02-01 04:00:00,1,152.19,5,CONFIRMED,PayPal,2024-02-01 04:29:00
ORD-00181,CUST-1064,PROD-116,2024-02-11,2024-02-11 18:00:00,3,103.01,0,DELIVERED,bank_transfer,2024-02-11 21:09:00
ORD-00182,CUST-1059,PROD-107,2024-02-09,2024-02-09 15:00:00,1,473.15,10,CONFIRMED,Debit_Card,2024-02-09 15:10:00
ORD-00183,CUST-1087,PROD-115,2024-01-07,2024-01-07 01:00:00,4,302.77,25,SHIPPED,credit_card,2024-01-07 02:17:00
ORD-00184,CUST-1047,PROD-101,2024-01-14,2024-01-14 13:00:00,3,366.47,5,DELIVERED,credit_card,2024-01-14 13:39:00
ORD-00185,CUST-1050,PROD-116,2024-03-13,2024-03-13 17:00:00,3,281.07,0,DELIVERED,Debit_Card,2024-03-13 17:54:00
ORD-00186,CUST-1051,PROD-111,2024-03-20,2024-03-20 21:00:00,1,73.04,0,SHIPPED,Debit_Card,2024-03-20 23:41:00
ORD-00187,CUST-1006,PROD-101,2024-01-19,2024-01-19 06:00:00,5,206.67,0,CONFIRMED,Debit_Card,2024-01-19 08:39:00
ORD-00188,CUST-1018,PROD-110,2024-03-01,2024-03-01 16:00:00,2,307.06,10,CANCELLED,Debit_Card,2024-03-01 18:01:00
ORD-00189,CUST-1066,PROD-117,2024-01-21,2024-01-21 12:00:00,3,300.92,10,DELIVERED,Debit_Card,2024-01-21 14:42:00
ORD-00190,CUST-1075,PROD-109,2024-03-01,2024-03-01 00:00:00,3,340.16,5,PENDING,bank_transfer,2024-03-01 01:39:00
ORD-00191,CUST-1007,PROD-118,2024-02-03,2024-02-03 20:00:00,5,293.03,25,DELIVERED,PayPal,2024-02-03 23:25:00
ORD-00192,CUST-1019,PROD-126,2024-03-08,2024-03-08 20:00:00,5,389.55,5,CONFIRMED,credit_card,2024-03-08 23:09:00
ORD-00193,CUST-1054,PROD-104,2024-03-14,2024-03-14 22:00:00,2,19.27,0,DELIVERED,PayPal,2024-03-14 22:33:00
ORD-00194,CUST-1094,PROD-101,2024-02-22,2024-02-22 16:00:00,5,461.05,25,CONFIRMED,PayPal,2024-02-22 19:23:00
ORD-00195,CUST-1023,PROD-114,2024-03-12,2024-03-12 10:00:00,4,267.47,0,CANCELLED,Debit_Card,2024-03-12 12:54:00
ORD-00196,CUST-1032,PROD-108,2024-03-10,2024-03-10 11:00:00,3,308.93,0,CANCELLED,Debit_Card,2024-03-10 13:58:00
ORD-00197,CUST-1091,PROD-115,2024-01-29,2024-01-29 09:00:00,3,355.39,25,SHIPPED,bank_transfer,2024-01-29 12:22:00
ORD-00198,CUST-1087,PROD-117,2024-02-14,2024-02-14 17:00:00,3,151.01,10,DELIVERED,bank_transfer,2024-02-14 20:28:00
ORD-00199,CUST-1011,PROD-111,2024-02-14,2024-02-14 04:00:00,1,150.93,25,DELIVERED,Debit_Card,2024-02-14 05:19:00
ORD-00200,CUST-1090,PROD-108,2024-03-02,2024-03-02 06:00:00,5,142.85,10,CONFIRMED,credit_card,2024-03-02 06:56:00
ORD-00201,CUST-1068,PROD-107,2024-03-19,2024-03-19 23:00:00,2,128.79,25,CONFIRMED,credit_card,2024-03-20 01:35:00
ORD-00202,CUST-1001,PROD-117,2024-01-13,2024-01-13 13:00:00,4,59.26,0,CONFIRMED,bank_transfer,2024-01-13 14:29:00
ORD-00203,CUST-1042,PROD-109,2024-03-24,2024-03-24 15:00:00,2,380.39,0,PENDING,credit_card,2024-03-24 17:07:00
ORD-00204,CUST-1023,PROD-113,2024-03-24,2024-03-24 18:00:00,5,371.95,0,CONFIRMED,credit_card,2024-03-24 19:04:00
ORD-00205,CUST-1039,PROD-118,2024-02-20,2024-02-20 15:00:00,3,439.59,0,CANCELLED,credit_card,2024-02-20 15:52:00
ORD-00206,CUST-1065,PROD-114,2024-02-12,2024-02-12 09:00:00,5,266.91,0,SHIPPED,PayPal,2024-02-12 11:01:00
ORD-00207,CUST-1024,PROD-100,2024-01-15,2024-01-15 10:00:00,4,327.65,25,SHIPPED,Debit_Card,2024-01-15 10:46:00
ORD-00208,CUST-1052,PROD-126,2024-03-13,2024-03-13 21:00:00,2,95.98,25,DELIVERED,Debit_Card,2024-03-14 00:18:00
ORD-00209,CUST-1062,PROD-110,2024-01-12,2024-01-12 12:00:00,1,100.53,0,CONFIRMED,credit_card,2024-01-12 14:56:00
ORD-00210,CUST-1039,PROD-118,2024-02-03,2024-02-03 12:00:00,4,379.33,0,CANCELLED,credit_card,2024-02-03 13:05:00
ORD-00211,CUST-1060,PROD-109,2024-02-03,2024-02-03 20:00:00,2,40.43,0,CONFIRMED,bank_transfer,2024-02-03 21:37:00
ORD-00212,CUST-1038,PROD-111,2024-03-28,2024-03-28 16:00:00,3,348.23,25,CANCELLED,PayPal,2024-03-28 19:54:00
ORD-00213,CUST-1048,PROD-113,2024-01-29,2024-01-29 04:00:00,2,232.93,10,CANCELLED,bank_transfer,2024-01-29 06:07:00
ORD-00214,CUST-1097,PROD-119,2024-03-09,2024-03-09 21:00:00,2,383.3,25,PENDING,bank_transfer,2024-03-10 00:36:00
ORD-00215,CUST-1008,PROD-126,2024-03-08,2024-03-08 22:00:00,1,459.44,0,CANCELLED,PayPal,2024-03-08 23:37:00
ORD-00216,CUST-1057,PROD-103,2024-03-14,2024-03-14 17:00:00,2,170.77,10,CONFIRMED,bank_transfer,2024-03-14 17:43:00
ORD-00217,CUST-1054,PROD-114,2024-01-12,2024-01-12 16:00:00,1,232.17,10,CANCELLED,credit_card,2024-01-12 17:59:00
ORD-00218,CUST-1033,PROD-126,2024-03-12,2024-03-12 14:00:00,3,364.4,5,PENDING,PayPal,2024-03-12 16:57:00
ORD-00219,CUST-1070,PROD-101,2024-03-15,2024-03-15 02:00:00,4,178.81,0,PENDING,bank_transfer,2024-03-15 02:16:00
ORD-00220,CUST-1094,PROD-120,2024-01-05,2024-01-05 09:00:00,2,386.79,25,DELIVERED,Debit_Card,2024-01-05 10:49:00
ORD-00221,CUST-1085,PROD-127,2024-02-18,2024-02-18 14:00:00,4,194.06,25,CANCELLED,PayPal,2024-02-18 17:47:00
ORD-00222,CUST-1068,PROD-104,2024-03-24,2024-03-24 11:00:00,2,496.48,5,CONFIRMED,credit_card,2024-03-24 11:35:00
ORD-00223,CUST-1030,PROD-107,2024-01-03,2024-01-03 09:00:00,5,217.81,5,DELIVERED,Debit_Card,2024-01-03 11:03:00
ORD-00224,CUST-1054,PROD-119,2024-01-20,2024-01-20 08:00:00,1,25.78,25,PENDING,PayPal,2024-01-20 08:53:00
ORD-00225,CUST-1087,PROD-122,2024-01-27,2024-01-27 02:00:00,5,26.44,10,PENDING,PayPal,2024-01-27 02:30:00
ORD-00226,CUST-1018,PROD-116,2024-01-06,2024-01-06 12:00:00,2,274.47,0,SHIPPED,PayPal,2024-01-06 13:57:00
ORD-00227,CUST-1031,PROD-109,2024-03-14,2024-03-14 10:00:00,5,388.53,0,CONFIRMED,PayPal,2024-03-14 12:32:00
ORD-00228,CUST-1095,PROD-129,2024-02-22,2024-02-22 09:00:00,1,282.78,10,CONFIRMED,bank_transfer,2024-02-22 10:15:00
ORD-00229,CUST-1049,PROD-125,2024-03-12,2024-03-12 15:00:00,3,471.37,25,CANCELLED,Debit_Card,2024-03-12 15:17:00
ORD-00230,CUST-1097,PROD-117,2024-03-30,2024-03-30 13:00:00,2,156.94,0,DELIVERED,PayPal,2024-03-30 14:49:00
ORD-00231,CUST-1072,PROD-113,2024-01-29,2024-01-29 09:00:00,2,404.82,0,DELIVERED,PayPal,2024-01-29 12:44:00
ORD-00232,CUST-1058,PROD-127,2024-02-19,2024-02-19 07:00:00,2,171.82,0,SHIPPED,credit_card,2024-02-19 08:10:00
ORD-00233,CUST-1087,PROD-119,2024-03-09,2024-03-09 23:00:00,2,35.24,5,CANCELLED,credit_card,2024-03-10 02:37:00
ORD-00234,CUST-1028,PROD-115,2024-01-10,2024-01-10 06:00:00,5,364.9,10,CONFIRMED,Debit_Card,2024-01-10 09:30:00
ORD-00235,CUST-1096,PROD-124,2024-02-08,2024-02-08 00:00:00,2,481.41,0,DELIVERED,PayPal,2024-02-08 00:59:00
ORD-00236,CUST-1071,PROD-110,2024-03-30,2024-03-30 19:00:00,2,204.34,0,SHIPPED,bank_transfer,2024-03-30 22:05:00
ORD-00237,CUST-1066,PROD-128,2024-02-29,2024-02-29 17:00:00,3,161.12,0,DELIVERED,bank_transfer,2024-02-29 19:51:00
ORD-00238,CUST-1041,PROD-113,2024-01-13,2024-01-13 23:00:00,3,458.01,0,PENDING,PayPal,2024-01-14 01:05:00
ORD-00239,CUST-1093,PROD-113,2024-01-19,2024-01-19 00:00:00,5,468.02,10,SHIPPED,PayPal,2024-01-19 01:11:00
ORD-00240,CUST-1064,PROD-117,2024-01-26,2024-01-26 10:00:00,4,289.19,0,SHIPPED,Debit_Card,2024-01-26 11:03:00
ORD-00241,CUST-1046,PROD-105,2024-03-03,2024-03-03 23:00:00,4,235.8,25,CONFIRMED,bank_transfer,2024-03-04 01:49:00
ORD-00242,CUST-1086,PROD-101,2024-01-24,2024-01-24 17:00:00,1,266.72,0,PENDING,bank_transfer,2024-01-24 19:49:00
ORD-00243,CUST-1028,PROD-116,2024-01-18,2024-01-18 20:00:00,1,356.5,0,DELIVERED,Debit_Card,2024-01-18 21:04:00
ORD-00244,CUST-1063,PROD-100,2024-01-08,2024-01-08 19:00:00,5,457.24,25,PENDING,bank_transfer,2024-01-08 21:48:00
ORD-00245,CUST-1003,PROD-116,2024-01-02,2024-01-02 00:00:00,3,272.5,0,DELIVERED,PayPal,2024-01-02 02:20:00
ORD-00246,CUST-1068,PROD-108,2024-01-14,2024-01-14 03:00:00,2,128.06,10,SHIPPED,Debit_Card,2024-01-14 05:19:00
ORD-00247,CUST-1090,PROD-107,2024-02-20,2024-02-20 02:00:00,4,234.9,0,SHIPPED,credit_card,2024-02-20 03:40:00
ORD-00248,CUST-1049,PROD-117,2024-03-24,2024-03-24 20:00:00,1,55.81,5,DELIVERED,credit_card,2024-03-24 23:19:00
ORD-00249,CUST-1083,PROD-125,2024-03-22,2024-03-22 00:00:00,2,50.51,5,SHIPPED,credit_card,2024-03-22 03:04:00
ORD-00250,CUST-1073,PROD-115,2024-03-08,2024-03-08 01:00:00,2,451.61,25,SHIPPED,credit_card,2024-03-08 02:03:00
ORD-00251,CUST-1023,PROD-129,2024-01-10,2024-01-10 21:00:00,5,286.11,0,SHIPPED,credit_card,2024-01-10 22:16:00
ORD-00252,CUST-1021,PROD-118,2024-01-27,2024-01-27 18:00:00,4,465.14,0,CONFIRMED,bank_transfer,2024-01-27 18:41:00
ORD-00253,CUST-1089,PROD-123,2024-03-27,2024-03-27 17:00:00,4,380.24,0,PENDING,Debit_Card,2024-03-27 18:29:00
ORD-00254,CUST-1078,PROD-124,2024-01-07,2024-01-07 03:00:00,2,420.94,0,CANCELLED,bank_transfer,2024-01-07 04:56:00
ORD-00255,CUST-1063,PROD-107,2024-02-11,2024-02-11 00:00:00,3,393.93,5,SHIPPED,bank_transfer,2024-02-11 02:47:00
ORD-00256,CUST-1099,PROD-119,2024-02-25,2024-02-25 05:00:00,5,333.72,0,SHIPPED,PayPal,2024-02-25 07:59:00
ORD-00257,CUST-1020,PROD-123,2024-01-10,2024-01-10 02:00:00,2,196.19,25,DELIVERED,Debit_Card,2024-01-10 03:13:00
ORD-00258,CUST-1047,PROD-124,2024-02-16,2024-02-16 03:00:00,1,472.04,5,SHIPPED,credit_card,2024-02-16 03:28:00
ORD-00259,CUST-1066,PROD-113,2024-01-17,2024-01-17 02:00:00,4,229.92,10,PENDING,credit_card,2024-01-17 02:52:00
ORD-00260,CUST-1050,PROD-100,2024-01-12,2024-01-12 11:00:00,1,302.48,0,SHIPPED,bank_transfer,2024-01-12 13:26:00
ORD-00261,CUST-1074,PROD-116,2024-02-19,2024-02-19 02:00:00,5,453.54,0,CONFIRMED,bank_transfer,2024-02-19 05:10:00
ORD-00262,CUST-1009,PROD-105,2024-01-22,2024-01-22 04:00:00,3,141.51,0,DELIVERED,Debit_Card,2024-01-22 05:13:00
ORD-00263,CUST-1093,PROD-120,2024-02-23,2024-02-23 09:00:00,1,186.94,0,DELIVERED,PayPal,2024-02-23 11:08:00
ORD-00264,CUST-1043,PROD-126,2024-02-28,2024-02-28 03:00:00,3,13.31,5,CANCELLED,bank_transfer,2024-02-28 03:39:00
ORD-00265,CUST-1077,PROD-104,2024-02-12,2024-02-12 14:00:00,4,409.57,25,SHIPPED,Debit_Card,2024-02-12 15:30:00
ORD-00266,CUST-1041,PROD-109,2024-03-18,2024-03-18 22:00:00,4,163.94,5,DELIVERED,PayPal,2024-03-18 22:56:00
ORD-00267,CUST-1026,PROD-118,2024-02-11,2024-02-11 12:00:00,4,188.85,10,CANCELLED,PayPal,2024-02-11 13:16:00
ORD-00268,CUST-1057,PROD-125,2024-03-28,2024-03-28 17:00:00,4,472.05,0,SHIPPED,credit_card,2024-03-28 17:11:00
ORD-00269,CUST-1033,PROD-121,2024-02-22,2024-02-22 21:00:00,2,320.32,0,CONFIRMED,bank_transfer,2024-02-22 23:12:00
ORD-00270,CUST-1069,PROD-116,2024-02-18,2024-02-18 02:00:00,5,244.82,5,DELIVERED,credit_card,2024-02-18 03:59:00
ORD-00271,CUST-1014,PROD-124,2024-02-16,2024-02-16 22:00:00,5,300.96,0,CONFIRMED,Debit_Card,2024-02-17 01:54:00
ORD-00272,CUST-1087,PROD-120,2024-01-22,2024-01-22 20:00:00,1,285.97,25,DELIVERED,Debit_Card,2024-01-22 22:41:00
ORD-00273,CUST-1096,PROD-116,2024-02-25,2024-02-25 03:00:00,1,136.77,10,CANCELLED,PayPal,2024-02-25 03:07:00
ORD-00274,CUST-1089,PROD-116,2024-02-27,2024-02-27 11:00:00,4,388.44,10,CONFIRMED,Debit_Card,2024-02-27 12:45:00
ORD-00275,CUST-1015,PROD-126,2024-01-04,2024-01-04 15:00:00,3,213.82,0,CONFIRMED,Debit_Card,2024-01-04 15:31:00
ORD-00276,CUST-1061,PROD-103,2024-02-09,2024-02-09 10:00:00,2,265.34,0,DELIVERED,bank_transfer,2024-02-09 12:01:00
ORD-00277,CUST-1003,PROD-127,2024-02-10,2024-02-10 02:00:00,1,406.98,0,SHIPPED,credit_card,2024-02-10 03:21:00
ORD-00278,CUST-1021,PROD-110,2024-03-27,2024-03-27 05:00:00,2,262.83,10,CANCELLED,bank_transfer,2024-03-27 08:14:00
ORD-00279,CUST-1082,PROD-121,2024-02-29,2024-02-29 07:00:00,4,318.57,0,DELIVERED,bank_transfer,2024-02-29 10:29:00
ORD-00280,CUST-1050,PROD-100,2024-01-04,2024-01-04 23:00:00,2,230.28,5,CONFIRMED,PayPal,2024-01-05 01:42:00
ORD-00281,CUST-1024,PROD-111,2024-02-05,2024-02-05 22:00:00,1,292.89,10,SHIPPED,PayPal,2024-02-06 01:32:00
ORD-00282,CUST-1041,PROD-119,2024-02-28,2024-02-28 03:00:00,4,268.57,25,DELIVERED,bank_transfer,2024-02-28 04:12:00
ORD-00283,CUST-1023,PROD-126,2024-03-16,2024-03-16 03:00:00,3,424.29,10,SHIPPED,credit_card,2024-03-16 04:34:00
ORD-00284,CUST-1024,PROD-111,2024-03-27,2024-03-27 04:00:00,1,126.89,0,CONFIRMED,bank_transfer,2024-03-27 05:25:00
ORD-00285,CUST-1063,PROD-120,2024-02-23,2024-02-23 19:00:00,5,198.01,0,CANCELLED,PayPal,2024-02-23 19:40:00
ORD-00286,CUST-1058,PROD-119,2024-03-12,2024-03-12 05:00:00,3,78.74,0,PENDING,Debit_Card,2024-03-12 07:10:00
ORD-00287,CUST-1065,PROD-120,2024-01-02,2024-01-02 15:00:00,2,409.45,10,DELIVERED,bank_transfer,2024-01-02 15:39:00
ORD-00288,CUST-1073,PROD-100,2024-03-28,2024-03-28 15:00:00,4,249.45,0,CONFIRMED,Debit_Card,2024-03-28 16:51:00
ORD-00289,CUST-1073,PROD-123,2024-01-05,2024-01-05 08:00:00,5,151.44,5,DELIVERED,credit_card,2024-01-05 09:02:00
ORD-00290,CUST-1070,PROD-126,2024-03-14,2024-03-14 03:00:00,5,413.4,0,PENDING,bank_transfer,2024-03-14 04:13:00
ORD-00291,CUST-1097,PROD-107,2024-03-10,2024-03-10 06:00:00,1,370.62,25,SHIPPED,credit_card,2024-03-10 07:53:00
ORD-00292,CUST-1100,PROD-125,2024-02-27,2024-02-27 08:00:00,1,225.13,0,CONFIRMED,PayPal,2024-02-27 09:34:00
ORD-00293,CUST-1079,PROD-104,2024-03-16,2024-03-16 22:00:00,5,320.05,0,CONFIRMED,PayPal,2024-03-16 23:34:00
ORD-00294,CUST-1022,PROD-110,2024-01-08,2024-01-08 18:00:00,5,147.72,10,SHIPPED,Debit_Card,2024-01-08 19:34:00
ORD-00295,CUST-1013,PROD-104,2024-03-14,2024-03-14 08:00:00,5,492.88,25,DELIVERED,credit_card,2024-03-14 11:44:00
ORD-00296,CUST-1042,PROD-126,2024-02-05,2024-02-05 20:00:00,2,132.33,25,CONFIRMED,bank_transfer,2024-02-05 20:37:00
ORD-00297,CUST-1058,PROD-102,2024-03-03,2024-03-03 04:00:00,3,317.62,5,PENDING,bank_transfer,2024-03-03 06:32:00
ORD-00298,CUST-1042,PROD-118,2024-03-06,2024-03-06 23:00:00,3,232.79,5,PENDING,credit_card,2024-03-07 00:16:00
ORD-00299,CUST-1051,PROD-106,2024-02-28,2024-02-28 20:00:00,3,426.54,10,DELIVERED,PayPal,2024-02-28 22:55:00
ORD-00300,CUST-1017,PROD-118,2024-03-04,2024-03-04 08:00:00,3,175.49,10,DELIVERED,Debit_Card,2024-03-04 09:27:00
ORD-00301,CUST-1003,PROD-103,2024-03-28,2024-03-28 01:00:00,1,316.82,5,CONFIRMED,bank_transfer,2024-03-28 01:16:00
ORD-00302,CUST-1084,PROD-109,2024-02-28,2024-02-28 00:00:00,2,497.88,0,CONFIRMED,Debit_Card,2024-02-28 01:54:00
ORD-00303,CUST-1084,PROD-105,2024-01-12,2024-01-12 20:00:00,3,50.38,25,PENDING,bank_transfer,2024-01-12 21:37:00
ORD-00304,CUST-1091,PROD-103,2024-03-21,2024-03-21 09:00:00,2,220.31,0,PENDING,PayPal,2024-03-21 12:10:00
ORD-00305,CUST-1057,PROD-100,2024-03-02,2024-03-02 02:00:00,5,120.82,25,PENDING,Debit_Card,2024-03-02 02:38:00
ORD-00306,CUST-1050,PROD-102,2024-01-16,2024-01-16 13:00:00,2,244.06,0,PENDING,credit_card,2024-01-16 16:02:00
ORD-00307,CUST-1083,PROD-121,2024-02-10,2024-02-10 11:00:00,3,77.18,0,CONFIRMED,credit_card,2024-02-10 14:50:00
ORD-00308,CUST-1045,PROD-123,2024-03-08,2024-03-08 18:00:00,5,328.5,5,CONFIRMED,PayPal,2024-03-08 18:07:00
ORD-00309,CUST-1013,PROD-104,2024-02-22,2024-02-22 19:00:00,4,431.37,0,PENDING,bank_transfer,2024-02-22 22:00:00
ORD-00310,CUST-1011,PROD-107,2024-02-14,2024-02-14 13:00:00,2,131.41,25,CANCELLED,Debit_Card,2024-02-14 14:25:00
ORD-00311,CUST-1066,PROD-106,2024-03-29,2024-03-29 00:00:00,3,110.66,10,DELIVERED,Debit_Card,2024-03-29 03:42:00
ORD-00312,CUST-1031,PROD-115,2024-03-23,2024-03-23 01:00:00,2,252.48,0,CANCELLED,credit_card,2024-03-23 04:25:00
ORD-00313,CUST-1054,PROD-111,2024-03-08,2024-03-08 00:00:00,3,74.66,10,CANCELLED,PayPal,2024-03-08 01:37:00
ORD-00314,CUST-1028,PROD-101,2024-03-01,2024-03-01 02:00:00,5,43.08,0,PENDING,bank_transfer,2024-03-01 02:09:00
ORD-00315,CUST-1090,PROD-112,2024-03-05,2024-03-05 09:00:00,5,385.87,5,PENDING,PayPal,2024-03-05 11:45:00
ORD-00316,CUST-1020,PROD-117,2024-02-05,2024-02-05 02:00:00,1,260.53,0,SHIPPED,bank_transfer,2024-02-05 03:24:00
ORD-00317,CUST-1094,PROD-127,2024-03-16,2024-03-16 20:00:00,1,161.97,5,CONFIRMED,credit_card,2024-03-16 23:20:00
ORD-00318,CUST-1008,PROD-109,2024-02-01,2024-02-01 02:00:00,1,232.14,10,CONFIRMED,credit_card,2024-02-01 03:56:00
ORD-00319,CUST-1067,PROD-116,2024-01-02,2024-01-02 22:00:00,1,90.27,0,SHIPPED,PayPal,2024-01-02 22:40:00
ORD-00320,CUST-1099,PROD-128,2024-02-17,2024-02-17 04:00:00,3,369.13,0,PENDING,Debit_Card,2024-02-17 07:16:00
ORD-00321,CUST-1081,PROD-102,2024-02-24,2024-02-24 08:00:00,1,138.84,10,DELIVERED,bank_transfer,2024-02-24 10:19:00
ORD-00322,CUST-1048,PROD-105,2024-03-06,2024-03-06 11:00:00,4,431.08,0,SHIPPED,credit_card,2024-03-06 11:19:00
ORD-00323,CUST-1001,PROD-101,2024-03-14,2024-03-14 21:00:00,1,121.91,10,PENDING,PayPal,2024-03-15 00:10:00
ORD-00324,CUST-1005,PROD-117,2024-01-06,2024-01-06 15:00:00,4,460.9,0,DELIVERED,PayPal,2024-01-06 16:38:00
ORD-00325,CUST-1074,PROD-111,2024-02-11,2024-02-11 07:00:00,3,142.91,0,PENDING,credit_card,2024-02-11 08:51:00
ORD-00326,CUST-1009,PROD-128,2024-01-23,2024-01-23 07:00:00,5,490.88,5,DELIVERED,Debit_Card,2024-01-23 10:30:00
ORD-00327,CUST-1026,PROD-109,2024-02-09,2024-02-09 10:00:00,5,233.8,0,CANCELLED,Debit_Card,2024-02-09 10:27:00
ORD-00328,CUST-1099,PROD-124,2024-03-20,2024-03-20 07:00:00,3,299.92,5,CONFIRMED,PayPal,2024-03-20 09:03:00
ORD-00329,CUST-1082,PROD-126,2024-01-20,2024-01-20 00:00:00,1,124.16,0,PENDING,Debit_Card,2024-01-20 01:49:00
ORD-00330,CUST-1031,PROD-113,2024-01-01,2024-01-01 21:00:00,3,60.93,10,DELIVERED,credit_card,2024-01-01 22:41:00
ORD-00331,CUST-1067,PROD-113,2024-01-19,2024-01-19 22:00:00,1,31.5,0,SHIPPED,bank_transfer,2024-01-19 23:16:00
ORD-00332,CUST-1010,PROD-118,2024-01-11,2024-01-11 18:00:00,5,75.41,5,CANCELLED,credit_card,2024-01-11 18:29:00
ORD-00333,CUST-1051,PROD-122,2024-02-25,2024-02-25 21:00:00,2,152.91,0,SHIPPED,Debit_Card,2024-02-25 21:38:00
ORD-00334,CUST-1100,PROD-124,2024-02-27,2024-02-27 08:00:00,1,472.33,0,CANCELLED,credit_card,2024-02-27 09:04:00
ORD-00335,CUST-1016,PROD-117,2024-01-20,2024-01-20 03:00:00,4,238.36,5,SHIPPED,PayPal,2024-01-20 03:47:00
ORD-00336,CUST-1021,PROD-125,2024-02-27,2024-02-27 09:00:00,3,427.71,0,SHIPPED,credit_card,2024-02-27 11:03:00
ORD-00337,CUST-1051,PROD-116,2024-01-28,2024-01-28 10:00:00,1,358.46,0,PENDING,Debit_Card,2024-01-28 10:42:00
ORD-00338,CUST-1096,PROD-117,2024-02-03,2024-02-03 05:00:00,4,428.74,10,CONFIRMED,credit_card,2024-02-03 05:12:00
ORD-00339,CUST-1100,PROD-107,2024-02-29,2024-02-29 03:00:00,2,69.5,0,CONFIRMED,PayPal,2024-02-29 06:30:00
ORD-00340,CUST-1010,PROD-100,2024-02-21,2024-02-21 11:00:00,1,295.33,0,PENDING,PayPal,2024-02-21 14:00:00
ORD-00341,CUST-1016,PROD-101,2024-03-23,2024-03-23 14:00:00,2,55.06,0,DELIVERED,credit_card,2024-03-23 17:32:00
ORD-00342,CUST-1088,PROD-113,2024-01-22,2024-01-22 18:00:00,4,253.09,5,CONFIRMED,Debit_Card,2024-01-22 19:55:00
ORD-00343,CUST-1005,PROD-119,2024-01-28,2024-01-28 05:00:00,3,228.54,0,CANCELLED,PayPal,2024-01-28 06:15:00
ORD-00344,CUST-1008,PROD-102,2024-03-23,2024-03-23 09:00:00,4,442.55,5,SHIPPED,bank_transfer,2024-03-23 11:12:00
ORD-00345,CUST-1003,PROD-112,2024-01-18,2024-01-18 13:00:00,5,132.07,10,SHIPPED,bank_transfer,2024-01-18 13:56:00
ORD-00346,CUST-1035,PROD-105,2024-03-10,2024-03-10 15:00:00,5,256.16,5,PENDING,Debit_Card,2024-03-10 16:33:00
ORD-00347,CUST-1068,PROD-111,2024-03-17,2024-03-17 07:00:00,3,38.7,5,CANCELLED,PayPal,2024-03-17 07:12:00
ORD-00348,CUST-1008,PROD-124,2024-01-21,2024-01-21 03:00:00,2,140.59,25,CONFIRMED,bank_transfer,2024-01-21 04:08:00
ORD-00349,CUST-1090,PROD-111,2024-02-15,2024-02-15 05:00:00,2,300.32,25,CANCELLED,credit_card,2024-02-15 05:50:00
ORD-00350,CUST-1025,PROD-126,2024-03-31,2024-03-31 22:00:00,5,286.16,10,DELIVERED,Debit_Card,2024-03-31 23:35:00
ORD-00351,CUST-1029,PROD-100,2024-01-23,2024-01-23 15:00:00,1,37.51,10,CANCELLED,bank_transfer,2024-01-23 15:14:00
ORD-00352,CUST-1044,PROD-122,2024-01-01,2024-01-01 10:00:00,5,108.71,0,CONFIRMED,Debit_Card,2024-01-01 13:59:00
ORD-00353,CUST-1100,PROD-103,2024-01-08,2024-01-08 00:00:00,5,355.29,0,CANCELLED,Debit_Card,2024-01-08 00:42:00
ORD-00354,CUST-1039,PROD-110,2024-01-10,2024-01-10 11:00:00,4,297.14,0,CONFIRMED,PayPal,2024-01-10 14:05:00
ORD-00355,CUST-1089,PROD-128,2024-02-25,2024-02-25 20:00:00,3,95.35,10,CANCELLED,Debit_Card,2024-02-25 22:09:00
ORD-00356,CUST-1089,PROD-109,2024-01-29,2024-01-29 21:00:00,2,195.4,25,CONFIRMED,PayPal,2024-01-29 23:35:00
ORD-00357,CUST-1005,PROD-105,2024-01-01,2024-01-01 22:00:00,4,426.86,10,CANCELLED,Debit_Card,2024-01-02 00:31:00
ORD-00358,CUST-1019,PROD-110,2024-03-19,2024-03-19 07:00:00,5,61.0,5,PENDING,PayPal,2024-03-19 09:48:00
ORD-00359,CUST-1082,PROD-123,2024-02-14,2024-02-14 10:00:00,1,412.6,25,SHIPPED,bank_transfer,2024-02-14 10:47:00
ORD-00360,CUST-1033,PROD-125,2024-01-02,2024-01-02 08:00:00,2,349.65,0,PENDING,credit_card,2024-01-02 08:58:00
ORD-00361,CUST-1064,PROD-128,2024-01-07,2024-01-07 12:00:00,4,484.85,5,DELIVERED,Debit_Card,2024-01-07 13:57:00
ORD-00362,CUST-1084,PROD-124,2024-03-10,2024-03-10 12:00:00,4,396.47,10,CONFIRMED,PayPal,2024-03-10 12:30:00
ORD-00363,CUST-1034,PROD-103,2024-02-27,2024-02-27 02:00:00,1,154.5,0,PENDING,Debit_Card,2024-02-27 05:29:00
ORD-00364,CUST-1044,PROD-119,2024-01-22,2024-01-22 12:00:00,1,278.04,0,CANCELLED,bank_transfer,2024-01-22 12:46:00
ORD-00365,CUST-1021,PROD-101,2024-03-31,2024-03-31 00:00:00,2,307.58,5,PENDING,Debit_Card,2024-03-31 01:55:00
ORD-00366,CUST-1070,PROD-108,2024-01-27,2024-01-27 06:00:00,5,363.79,25,SHIPPED,Debit_Card,2024-01-27 07:49:00
ORD-00367,CUST-1020,PROD-101,2024-01-31,2024-01-31 03:00:00,4,290.16,5,SHIPPED,credit_card,2024-01-31 03:17:00
ORD-00368,CUST-1004,PROD-106,2024-02-24,2024-02-24 02:00:00,5,245.35,0,CONFIRMED,Debit_Card,2024-02-24 03:20:00
ORD-00369,CUST-1061,PROD-115,2024-01-11,2024-01-11 15:00:00,1,161.08,5,SHIPPED,credit_card,2024-01-11 18:41:00
ORD-00370,CUST-1048,PROD-105,2024-03-23,2024-03-23 17:00:00,2,191.79,5,DELIVERED,credit_card,2024-03-23 18:44:00
ORD-00371,CUST-1073,PROD-101,2024-02-03,2024-02-03 14:00:00,3,120.85,0,CONFIRMED,credit_card,2024-02-03 16:04:00
ORD-00372,CUST-1030,PROD-117,2024-01-11,2024-01-11 21:00:00,5,212.84,10,PENDING,bank_transfer,2024-01-11 22:33:00
ORD-00373,CUST-1061,PROD-109,2024-03-07,2024-03-07 13:00:00,4,290.62,0,PENDING,bank_transfer,2024-03-07 15:22:00
ORD-00374,CUST-1080,PROD-104,2024-01-05,2024-01-05 16:00:00,5,402.21,25,PENDING,bank_transfer,2024-01-05 18:31:00
ORD-00375,CUST-1011,PROD-121,2024-01-23,2024-01-23 05:00:00,2,71.82,5,DELIVERED,PayPal,2024-01-23 05:59:00
ORD-00376,CUST-1009,PROD-102,2024-03-21,2024-03-21 04:00:00,5,136.35,25,DELIVERED,bank_transfer,2024-03-21 07:38:00
ORD-00377,CUST-1090,PROD-119,2024-03-11,2024-03-11 10:00:00,3,264.64,0,CANCELLED,bank_transfer,2024-03-11 13:44:00
ORD-00378,CUST-1098,PROD-103,2024-01-15,2024-01-15 13:00:00,2,287.62,10,PENDING,credit_card,2024-01-15 13:43:00
ORD-00379,CUST-1050,PROD-120,2024-02-06,2024-02-06 17:00:00,3,440.16,0,DELIVERED,bank_transfer,2024-02-06 20:50:00
ORD-00380,CUST-1088,PROD-122,2024-01-05,2024-01-05 05:00:00,4,80.48,10,DELIVERED,credit_card,2024-01-05 06:15:00
ORD-00381,CUST-1035,PROD-128,2024-02-20,2024-02-20 10:00:00,2,34.14,5,SHIPPED,credit_card,2024-02-20 13:01:00
ORD-00382,CUST-1088,PROD-103,2024-02-13,2024-02-13 09:00:00,3,422.98,25,CONFIRMED,PayPal,2024-02-13 10:24:00
ORD-00383,CUST-1078,PROD-120,2024-02-08,2024-02-08 23:00:00,3,142.01,5,PENDING,PayPal,2024-02-09 00:58:00
ORD-00384,CUST-1048,PROD-126,2024-02-26,2024-02-26 06:00:00,4,373.05,10,PENDING,PayPal,2024-02-26 09:58:00
ORD-00385,CUST-1073,PROD-100,2024-01-09,2024-01-09 09:00:00,5,207.65,10,CONFIRMED,PayPal,2024-01-09 12:06:00
ORD-00386,CUST-1091,PROD-106,2024-01-26,2024-01-26 01:00:00,1,233.65,0,SHIPPED,Debit_Card,2024-01-26 02:08:00
ORD-00387,CUST-1048,PROD-115,2024-02-29,2024-02-29 16:00:00,1,343.77,0,CANCELLED,bank_transfer,2024-02-29 17:46:00
ORD-00388,CUST-1034,PROD-123,2024-01-23,2024-01-23 15:00:00,5,181.37,0,PENDING,Debit_Card,2024-01-23 17:35:00
ORD-00389,CUST-1029,PROD-120,2024-01-04,2024-01-04 12:00:00,2,428.36,0,CONFIRMED,PayPal,2024-01-04 12:17:00
ORD-00390,CUST-1002,PROD-115,2024-02-04,2024-02-04 20:00:00,5,19.82,25,CONFIRMED,PayPal,2024-02-04 21:49:00
ORD-00391,CUST-1092,PROD-122,2024-03-17,2024-03-17 00:00:00,3,308.08,0,SHIPPED,bank_transfer,2024-03-17 01:02:00
ORD-00392,CUST-1087,PROD-116,2024-02-18,2024-02-18 11:00:00,3,116.91,0,CANCELLED,bank_transfer,2024-02-18 13:02:00
ORD-00393,CUST-1072,PROD-120,2024-03-15,2024-03-15 03:00:00,5,499.71,0,CANCELLED,Debit_Card,2024-03-15 03:06:00
ORD-00394,CUST-1082,PROD-110,2024-02-08,2024-02-08 21:00:00,4,41.27,0,SHIPPED,Debit_Card,2024-02-08 21:32:00
ORD-00395,CUST-1098,PROD-107,2024-03-24,2024-03-24 22:00:00,3,102.29,10,PENDING,bank_transfer,2024-03-25 01:53:00
ORD-00396,CUST-1064,PROD-109,2024-03-25,2024-03-25 10:00:00,2,363.42,25,SHIPPED,bank_transfer,2024-03-25 12:59:00
ORD-00397,CUST-1025,PROD-110,2024-02-21,2024-02-21 12:00:00,1,295.67,10,CONFIRMED,bank_transfer,2024-02-21 15:13:00
ORD-00398,CUST-1072,PROD-105,2024-03-26,2024-03-26 11:00:00,3,424.25,25,SHIPPED,credit_card,2024-03-26 13:14:00
ORD-00399,CUST-1098,PROD-129,2024-03-01,2024-03-01 04:00:00,3,365.33,10,CONFIRMED,Debit_Card,2024-03-01 07:14:00
ORD-00400,CUST-1054,PROD-125,2024-03-24,2024-03-24 02:00:00,3,119.42,0,SHIPPED,Debit_Card,2024-03-24 03:01:00
ORD-00401,CUST-1007,PROD-127,2024-02-03,2024-02-03 18:00:00,4,427.08,5,CANCELLED,credit_card,2024-02-03 19:20:00
ORD-00402,CUST-1068,PROD-109,2024-03-01,2024-03-01 06:00:00,1,435.06,5,DELIVERED,credit_card,2024-03-01 08:13:00
ORD-00403,CUST-1059,PROD-104,2024-01-20,2024-01-20 04:00:00,3,210.49,10,SHIPPED,PayPal,2024-01-20 04:56:00
ORD-00404,CUST-1001,PROD-114,2024-01-11,2024-01-11 15:00:00,2,163.56,0,SHIPPED,PayPal,2024-01-11 16:30:00
ORD-00405,CUST-1017,PROD-119,2024-01-22,2024-01-22 18:00:00,2,249.88,0,DELIVERED,bank_transfer,2024-01-22 21:20:00
ORD-00406,CUST-1026,PROD-123,2024-02-21,2024-02-21 13:00:00,4,12.28,10,SHIPPED,credit_card,2024-02-21 15:07:00
ORD-00407,CUST-1094,PROD-107,2024-02-11,2024-02-11 16:00:00,1,341.6,25,CONFIRMED,Debit_Card,2024-02-11 16:53:00
ORD-00408,CUST-1022,PROD-102,2024-02-09,2024-02-09 04:00:00,4,256.62,0,PENDING,Debit_Card,2024-02-09 04:31:00
ORD-00409,CUST-1056,PROD-128,2024-02-07,2024-02-07 14:00:00,5,302.21,0,CONFIRMED,Debit_Card,2024-02-07 17:11:00
ORD-00410,CUST-1003,PROD-107,2024-03-03,2024-03-03 11:00:00,2,90.78,5,CONFIRMED,PayPal,2024-03-03 14:17:00
ORD-00411,CUST-1047,PROD-122,2024-01-28,2024-01-28 23:00:00,5,257.26,0,PENDING,bank_transfer,2024-01-28 23:10:00
ORD-00412,CUST-1007,PROD-121,2024-03-22,2024-03-22 08:00:00,5,315.33,10,PENDING,credit_card,2024-03-22 11:22:00
ORD-00413,CUST-1071,PROD-108,2024-01-07,2024-01-07 22:00:00,4,227.7,0,DELIVERED,PayPal,2024-01-07 22:34:00
ORD-00414,CUST-1013,PROD-121,2024-01-27,2024-01-27 22:00:00,1,157.54,25,CANCELLED,Debit_Card,2024-01-28 01:00:00
ORD-00415,CUST-1066,PROD-123,2024-03-20,2024-03-20 19:00:00,2,215.21,0,CANCELLED,credit_card,2024-03-20 22:04:00
ORD-00416,CUST-1026,PROD-124,2024-02-06,2024-02-06 03:00:00,1,253.88,10,SHIPPED,PayPal,2024-02-06 06:25:00
ORD-00417,CUST-1064,PROD-129,2024-02-15,2024-02-15 22:00:00,3,88.57,10,CONFIRMED,bank_transfer,2024-02-15 23:49:00
ORD-00418,CUST-1074,PROD-121,2024-02-12,2024-02-12 07:00:00,1,339.09,0,DELIVERED,PayPal,2024-02-12 07:05:00
ORD-00419,CUST-1030,PROD-114,2024-01-12,2024-01-12 16:00:00,1,453.33,25,SHIPPED,Debit_Card,2024-01-12 16:24:00
ORD-00420,CUST-1047,PROD-125,2024-02-29,2024-02-29 01:00:00,2,438.32,0,SHIPPED,bank_transfer,2024-02-29 01:30:00
ORD-00421,CUST-1085,PROD-120,2024-01-15,2024-01-15 03:00:00,1,14.73,0,CONFIRMED,Debit_Card,2024-01-15 06:42:00
ORD-00422,CUST-1048,PROD-126,2024-02-15,2024-02-15 14:00:00,3,440.44,0,SHIPPED,PayPal,2024-02-15 16:44:00
ORD-00423,CUST-1089,PROD-127,2024-01-15,2024-01-15 12:00:00,4,143.19,5,DELIVERED,bank_transfer,2024-01-15 13:47:00
ORD-00424,CUST-1021,PROD-103,2024-03-24,2024-03-24 05:00:00,2,351.11,0,DELIVERED,bank_transfer,2024-03-24 05:33:00
ORD-00425,CUST-1079,PROD-100,2024-03-13,2024-03-13 21:00:00,2,309.54,0,CONFIRMED,bank_transfer,2024-03-13 22:57:00
ORD-00426,CUST-1034,PROD-120,2024-03-03,2024-03-03 03:00:00,4,225.93,0,SHIPPED,credit_card,2024-03-03 06:52:00
ORD-00427,CUST-1086,PROD-127,2024-03-31,2024-03-31 21:00:00,5,364.64,0,SHIPPED,credit_card,2024-03-31 23:19:00
ORD-00428,CUST-1087,PROD-120,2024-02-25,2024-02-25 21:00:00,2,246.14,25,DELIVERED,PayPal,2024-02-26 00:11:00
ORD-00429,CUST-1065,PROD-127,2024-03-12,2024-03-12 19:00:00,1,325.26,0,DELIVERED,bank_transfer,2024-03-12 19:18:00
ORD-00430,CUST-1036,PROD-101,2024-01-22,2024-01-22 02:00:00,4,167.1,0,CANCELLED,PayPal,2024-01-22 05:17:00
ORD-00431,CUST-1059,PROD-114,2024-03-11,2024-03-11 20:00:00,4,410.37,0,CANCELLED,bank_transfer,2024-03-11 21:41:00
ORD-00432,CUST-1096,PROD-120,2024-01-12,2024-01-12 15:00:00,3,68.16,5,PENDING,credit_card,2024-01-12 16:59:00
ORD-00433,CUST-1078,PROD-119,2024-02-21,2024-02-21 13:00:00,5,279.05,0,SHIPPED,PayPal,2024-02-21 13:14:00
ORD-00434,CUST-1029,PROD-127,2024-03-24,2024-03-24 21:00:00,3,188.03,0,DELIVERED,Debit_Card,2024-03-24 23:01:00
ORD-00435,CUST-1092,PROD-114,2024-03-12,2024-03-12 19:00:00,4,361.15,0,PENDING,credit_card,2024-03-12 21:38:00
ORD-00436,CUST-1038,PROD-117,2024-03-25,2024-03-25 07:00:00,3,184.01,25,CANCELLED,Debit_Card,2024-03-25 07:05:00
ORD-00437,CUST-1096,PROD-123,2024-03-30,2024-03-30 03:00:00,2,251.28,25,DELIVERED,credit_card,2024-03-30 03:16:00
ORD-00438,CUST-1028,PROD-114,2024-02-02,2024-02-02 19:00:00,2,69.16,5,CONFIRMED,Debit_Card,2024-02-02 19:55:00
ORD-00439,CUST-1059,PROD-121,2024-01-14,2024-01-14 13:00:00,5,70.37,5,CANCELLED,PayPal,2024-01-14 13:16:00
ORD-00440,CUST-1075,PROD-115,2024-03-04,2024-03-04 00:00:00,1,281.07,5,CANCELLED,PayPal,2024-03-04 02:20:00
ORD-00441,CUST-1077,PROD-119,2024-03-29,2024-03-29 18:00:00,2,60.73,25,SHIPPED,bank_transfer,2024-03-29 18:49:00
ORD-00442,CUST-1038,PROD-114,2024-02-23,2024-02-23 19:00:00,2,144.05,0,CONFIRMED,PayPal,2024-02-23 22:59:00
ORD-00443,CUST-1071,PROD-127,2024-02-22,2024-02-22 19:00:00,5,156.46,25,SHIPPED,PayPal,2024-02-22 22:04:00
ORD-00444,CUST-1017,PROD-122,2024-01-26,2024-01-26 06:00:00,3,346.43,25,CONFIRMED,Debit_Card,2024-01-26 08:44:00
ORD-00445,CUST-1074,PROD-121,2024-03-31,2024-03-31 03:00:00,3,285.51,10,DELIVERED,Debit_Card,2024-03-31 06:19:00
ORD-00446,CUST-1007,PROD-121,2024-02-24,2024-02-24 00:00:00,1,22.37,0,PENDING,PayPal,2024-02-24 02:18:00
ORD-00447,CUST-1089,PROD-125,2024-02-04,2024-02-04 05:00:00,3,81.74,0,SHIPPED,PayPal,2024-02-04 06:18:00
ORD-00448,CUST-1095,PROD-117,2024-03-10,2024-03-10 01:00:00,4,60.21,25,CONFIRMED,bank_transfer,2024-03-10 02:36:00
ORD-00449,CUST-1049,PROD-112,2024-01-31,2024-01-31 16:00:00,3,349.53,0,DELIVERED,Debit_Card,2024-01-31 19:25:00
ORD-00450,CUST-1029,PROD-129,2024-03-11,2024-03-11 01:00:00,3,109.5,5,SHIPPED,PayPal,2024-03-11 01:08:00
ORD-00451,CUST-1024,PROD-105,2024-01-25,2024-01-25 09:00:00,2,491.88,0,CANCELLED,credit_card,2024-01-25 10:59:00
ORD-00452,CUST-1021,PROD-118,2024-02-18,2024-02-18 01:00:00,3,282.72,0,SHIPPED,credit_card,2024-02-18 02:54:00
ORD-00453,CUST-1077,PROD-101,2024-02-12,2024-02-12 14:00:00,2,29.56,0,CANCELLED,Debit_Card,2024-02-12 17:06:00
ORD-00454,CUST-1041,PROD-116,2024-03-03,2024-03-03 18:00:00,3,45.7,25,CONFIRMED,PayPal,2024-03-03 20:25:00
ORD-00455,CUST-1069,PROD-112,2024-03-07,2024-03-07 02:00:00,5,88.08,10,PENDING,Debit_Card,2024-03-07 05:26:00
ORD-00456,CUST-1028,PROD-124,2024-01-29,2024-01-29 06:00:00,3,172.21,0,CANCELLED,bank_transfer,2024-01-29 08:54:00
ORD-00457,CUST-1031,PROD-128,2024-03-12,2024-03-12 20:00:00,1,337.77,5,CANCELLED,PayPal,2024-03-12 20:07:00
ORD-00458,CUST-1050,PROD-108,2024-01-06,2024-01-06 21:00:00,3,196.86,0,CANCELLED,Debit_Card,2024-01-07 00:51:00
ORD-00459,CUST-1058,PROD-115,2024-01-04,2024-01-04 16:00:00,3,262.0,10,PENDING,Debit_Card,2024-01-04 19:35:00
ORD-00460,CUST-1022,PROD-124,2024-03-24,2024-03-24 06:00:00,5,50.34,0,CANCELLED,credit_card,2024-03-24 07:27:00
ORD-00461,CUST-1014,PROD-106,2024-03-21,2024-03-21 02:00:00,2,433.82,5,CANCELLED,bank_transfer,2024-03-21 02:58:00
ORD-00462,CUST-1043,PROD-101,2024-03-23,2024-03-23 02:00:00,2,21.63,25,PENDING,credit_card,2024-03-23 05:16:00
ORD-00463,CUST-1030,PROD-129,2024-01-07,2024-01-07 05:00:00,3,283.45,10,SHIPPED,bank_transfer,2024-01-07 08:28:00
ORD-00464,CUST-1050,PROD-121,2024-02-19,2024-02-19 14:00:00,4,222.17,0,PENDING,credit_card,2024-02-19 16:46:00
ORD-00465,CUST-1006,PROD-122,2024-03-23,2024-03-23 23:00:00,1,380.41,10,PENDING,Debit_Card,2024-03-24 01:43:00
ORD-00466,CUST-1098,PROD-129,2024-03-05,2024-03-05 03:00:00,3,307.21,0,DELIVERED,bank_transfer,2024-03-05 04:19:00
ORD-00467,CUST-1018,PROD-123,2024-02-20,2024-02-20 21:00:00,4,86.59,0,DELIVERED,Debit_Card,2024-02-20 21:12:00
ORD-00468,CUST-1071,PROD-127,2024-03-22,2024-03-22 04:00:00,3,479.11,0,CANCELLED,PayPal,2024-03-22 05:21:00
ORD-00469,CUST-1071,PROD-102,2024-01-16,2024-01-16 01:00:00,5,302.35,10,SHIPPED,PayPal,2024-01-16 01:06:00
ORD-00470,CUST-1029,PROD-119,2024-02-14,2024-02-14 06:00:00,5,79.79,0,SHIPPED,PayPal,2024-02-14 07:50:00
ORD-00471,CUST-1060,PROD-120,2024-01-15,2024-01-15 05:00:00,5,427.59,10,CANCELLED,credit_card,2024-01-15 07:56:00
ORD-00472,CUST-1075,PROD-115,2024-02-07,2024-02-07 21:00:00,3,58.11,25,SHIPPED,Debit_Card,2024-02-07 21:22:00
ORD-00473,CUST-1009,PROD-128,2024-01-17,2024-01-17 21:00:00,2,59.01,10,CONFIRMED,Debit_Card,2024-01-17 23:52:00
ORD-00474,CUST-1075,PROD-104,2024-03-03,2024-03-03 14:00:00,5,333.11,25,CANCELLED,Debit_Card,2024-03-03 15:29:00
ORD-00475,CUST-1092,PROD-123,2024-02-10,2024-02-10 13:00:00,1,163.47,0,DELIVERED,Debit_Card,2024-02-10 13:48:00
ORD-00476,CUST-1058,PROD-111,2024-02-16,2024-02-16 04:00:00,3,440.15,5,SHIPPED,bank_transfer,2024-02-16 06:58:00
ORD-00477,CUST-1018,PROD-128,2024-03-11,2024-03-11 03:00:00,5,50.16,0,CANCELLED,PayPal,2024-03-11 03:49:00
ORD-00478,CUST-1065,PROD-120,2024-02-03,2024-02-03 23:00:00,1,366.43,0,PENDING,bank_transfer,2024-02-04 02:51:00
ORD-00479,CUST-1070,PROD-115,2024-03-16,2024-03-16 06:00:00,1,280.27,10,CONFIRMED,Debit_Card,2024-03-16 09:57:00
ORD-00480,CUST-1018,PROD-114,2024-02-20,2024-02-20 07:00:00,5,369.27,0,CANCELLED,credit_card,2024-02-20 10:53:00
ORD-00481,CUST-1088,PROD-105,2024-02-20,2024-02-20 11:00:00,1,334.7,10,CANCELLED,PayPal,2024-02-20 13:13:00
ORD-00482,CUST-1019,PROD-123,2024-02-27,2024-02-27 05:00:00,5,474.86,25,DELIVERED,Debit_Card,2024-02-27 05:50:00
ORD-00483,CUST-1048,PROD-107,2024-01-06,2024-01-06 07:00:00,4,123.55,0,PENDING,PayPal,2024-01-06 10:19:00
ORD-00484,CUST-1006,PROD-120,2024-03-07,2024-03-07 11:00:00,4,459.76,0,SHIPPED,credit_card,2024-03-07 12:44:00
ORD-00485,CUST-1075,PROD-117,2024-03-31,2024-03-31 16:00:00,3,419.08,0,CANCELLED,PayPal,2024-03-31 18:47:00
ORD-00486,CUST-1067,PROD-108,2024-02-18,2024-02-18 20:00:00,3,297.95,0,DELIVERED,PayPal,2024-02-18 21:41:00
ORD-00487,CUST-1078,PROD-100,2024-03-07,2024-03-07 12:00:00,3,248.55,5,CANCELLED,PayPal,2024-03-07 13:35:00
ORD-00488,CUST-1028,PROD-104,2024-02-26,2024-02-26 05:00:00,1,262.12,0,CONFIRMED,PayPal,2024-02-26 06:03:00
ORD-00489,CUST-1043,PROD-123,2024-02-16,2024-02-16 19:00:00,1,333.93,5,PENDING,bank_transfer,2024-02-16 22:08:00
ORD-00490,CUST-1053,PROD-100,2024-03-27,2024-03-27 15:00:00,2,299.48,25,CONFIRMED,credit_card,2024-03-27 17:07:00
ORD-00491,CUST-1006,PROD-128,2024-01-17,2024-01-17 18:00:00,2,76.0,10,CANCELLED,PayPal,2024-01-17 20:36:00
ORD-00492,CUST-1077,PROD-118,2024-01-08,2024-01-08 05:00:00,2,263.14,5,PENDING,Debit_Card,2024-01-08 06:11:00
ORD-00493,CUST-1022,PROD-107,2024-01-11,2024-01-11 06:00:00,5,496.45,5,DELIVERED,PayPal,2024-01-11 07:59:00
ORD-00494,CUST-1088,PROD-110,2024-03-15,2024-03-15 05:00:00,5,139.61,25,DELIVERED,credit_card,2024-03-15 07:44:00
ORD-00495,CUST-1067,PROD-127,2024-01-30,2024-01-30 12:00:00,2,63.19,0,CANCELLED,bank_transfer,2024-01-30 13:43:00
ORD-00496,CUST-1077,PROD-101,2024-01-20,2024-01-20 19:00:00,2,243.17,10,CANCELLED,credit_card,2024-01-20 19:29:00
ORD-00497,CUST-1001,PROD-128,2024-01-12,2024-01-12 15:00:00,2,451.96,10,DELIVERED,bank_transfer,2024-01-12 17:53:00
ORD-00498,CUST-1099,PROD-112,2024-02-17,2024-02-17 01:00:00,5,220.18,5,SHIPPED,credit_card,2024-02-17 04:03:00
ORD-00499,CUST-1037,PROD-119,2024-02-24,2024-02-24 04:00:00,4,385.26,0,CANCELLED,bank_transfer,2024-02-24 05:10:00
ORD-00500,CUST-1067,PROD-100,2024-02-02,2024-02-02 06:00:00,1,293.2,0,DELIVERED,PayPal,2024-02-02 06:06:00
